ID	FULL LEFT	FULL RIGHT	ALT LEFT	ALT RIGHT	chromosome	start	end	motif
CSF1PO	TAACTGCCTTCATAGATAGA	AGGAAGTACTTAGAACAGGG	TTCATAGATAGA	AGGAAGTACTTAG	5	150076311	150076613	AGAT
FGA	TAGGCATATTTACAAGCTAG	GCTGGCAATTACAGACAAAT	TTTACAAGCTAG	GCTGGCAATTAC	4	154587604	154587905	AAG
TH01	GAACACAGACTCCATGGTGA	GGGAAATAAGGGAGGAACAG	ACTCCATGGTGA	GGGAAATAAGGGAG	11	2171000	2171130	AATG
TPOX	CACTTAGGGAACCCTCACTG	TTTGGGCAAATAAACGCTGA	GAACCCTCACTG	TTTGGGCAAATA	2	1489641	1489872	AATG
D3S1358	CAGAGCAAGACCCTGTCTCA	TACATGCAAGCCTCTGTTGA	GACCCTGTCTCA	TACATGCAAGCCTC	3	45540734	45541029	TCT
D5S818	ATCCTTATGTAATATTTTGA	AGAGGTATAAATAAGGATAC	GTAATATTTTGA	AGAGGTATAAATAA	5	123775530	123775615	AGAT
D7S820	TAGACTATTTAGTGAGATTA	GTTAGTTCGTTCTAAACTAT	TTAGTGAGATTA	GTTAGTTCGTTCTA	7	84160146	84160346	GATA
D8S1179	TATTTCATGTGTACATTCGT	TATTCCCCACAGTGAAAATA	GTGTACATTCGT	TATTCCCCACAG	8	124894853	124895019	TCTA
D13S317	ATCTGTATTTACAAATACAT	AATCAATCATCTATCTATCT	TTACAAATACAT	AATCAATCATCT	13	82147947	82148093	TATC
D16S539	TCTGTTTTGTCTTTCAATGA	CACCTGTCTGTCTGTCTGTA	GTCTTTCAATGA	CACCTGTCTGTC	16	86352542	86352776	GATA
D18S51	AATAACAGTTGCTACTATTT	GAGACAAGGTCTCAATTTGT	AGTTGCTACTAT	GAGACAAGGTCT	18	63281601	63281889	AGAA
D21S11	ATTCCCCAAGTGAATTGCCT	CCTCCTATTAGTCTGTCTCT	AGTGAATTGCCT	CCTCCTATTAGT	21	19181963	19182137	TCT
